"Skill Text";"Skill ID"
alaidepvp;2677
alamort;3500
esquivececi;2354
finissezle;2353
jesuisleplusfort;2355
kilroypierraille;856
lavictoireoulamort;569
mmmmhuneglacealaneige;1010
netrebuchepas;2216
parlemarteaudural;2217
riennepeutmarreter;2356
toucherdeaaaaarrrrrrggghhh;1894
tutedeplacescommeunnain;2358
viveladouleur;3501
vousetestousdesmauviettes;2359
absorptiongelatineuse;2243
acidealchimiquedalkar;2211
acquisitiondelacible;2906
agilitedemoniaque;1152
agiliteduloup;2383
agoniespectrale;546
agressioninvisible;2127
airdesuperiorite;2416
ameliorationdautel;3502
angoisseinflexible;1896
animationdemortvivant;2259
apaisementdesgardiens;543
apparenceapeuree;3503
apparencedapaisement;3505
apparencedechec;3508
apparencedepuisement;3504
apparencedexposition;3506
apparencedombre;3507
apparencedecauchemar;3509
apparencededouleur;3510
apparencedemort;3511
apparencedereddition;3512
apparencedescorpion;3513
apparencedecadente;3514
apparencedelabree;3515
apparencelethargique;3516
apparencetourmentee;3517
apparitiondoeuf;3518
apparitionderejeton;3519
appelaladestruction;2344
appelaucombatdulancierdusoleil;3520
appeldeloeil;2106
appeldelaflamme;1940
appeldelatempete;589
appeldemurakai;2391
appeldusacrifice;1459
appeldutourment;1454
appetitinsatiable;1419
approcheduvortex;3521
armedugrandnain;2219
armurebrisee;2077
armuredelareine;1618
armuredugrandnain;2220
armuredusaluteffet;3522
aspectduchene;2174
assassindelyssa;3523
assassindesoutiendelavantgardedebon;2235
asservissementdelaforet;1307
attaquealaserre;3525
attaquedediversion;1923
attaquedetortuedesiege;1186
attaquedemente;3524
attaquedugolem;2157
attaquedujunundu;1439
attaquehandicapante;512
attaquesournoisetitredelavantgardedebon;2116
aucunedouleur;2360
augmentationdemoral;3526
auradechance;3527
auradelalumiere;3528
auradubatondesbrumes;3529
auradujuggernaut;1156
auradusceptredorr;3530
auraduverger;1102
aurainstable;3531
auranoirebenediction;3532
avalancheeffetdelenvironnement;3533
avalanchecompetence;1001
avatardedouceur;1871
avatardelajoiedesvacances;1899
aveuglement;479
bagarre;3534
barildepoudredesnains;3535
barilexplosif;3536
basedeprotection;3537
batailledemargonite;3538
baumedeguerison;3539
belier;1918
benedictiondelours;2374
benedictiondesluxons;1947
benedictiondess;1947
benedictionducorbeau;2384
benedictiondukirin;1153
benedictiondulouplamaledictiondeloursnorn;2133
benedictionduloup;2379
blessureprofonde;482
blocagedubagarreur;3540
blocagemental;2417
bombeincendiaire;2118
bondduloup;2381
bouclierdecristal;2328
bouledeneige;1016
boutdegolembriseur;2911
boutdegolemecrabouilleur;2913
boutdegolemfrappeur;2914
boutdegolemredresseur;2912
braiseinfernale;3541
branchesprotectrices;1132
braqueurnain;3542
briseglace;1013
briseurdecharmes;514
brulure;480
brumeacereeeffetdelenvironnement;2164
brumeacereecompetence;2167
brumedecristal;533
brusquebousculadedenox;2908
cailloucache;1008
calamitedemurakai;2370
canonaionsdenox;2909
carapacedetortue;1172
carapacedure;1919
cauchemarvoile;3543
chainesdasservissementenchantement;3550
champderayonnement;2414
chantdesbrumes;1151
chargesauvage;2083
chasseauheket;3545
chasseauminotaure;3546
chasseaumonolithe;3544
chasseaumonstre;3548
chassedelangoisse;3549
chimeredintensite;596
cicatricesdeguerre;1274
coeurdenorn;2373
coeurvaillant;2424
complaintedejunundu;1865
comptearebours;2910
compteurdeladeflagrationdureacteur;2903
consommationdemurakai;2368
consommationdutourment;1884
corailapics;1304
cossedormante;2497
coupbas;2214
coupdevastateurdelaterre;1705
coupdubagarreur;2215
coupdujuggernaut;1155
cracheroc;1925
criminelimprobable;2412
danslapeaudelours;3552
danslapeauduloup;3553
dechargedesucreboissonsucreebleue;3566
dechargedesucrelapinenchocolat;3567
dechiffragedinscriptions;2426
defensededuncan;2527
defensedelabase;1147
deflagrationdureacteur;2902
deguisementdelafraternitedejade;2904
dervichedelalame;3554
dervichedelaterre;3555
dervichedumysticisme;3556
dervicheduvent;3557
discipledelair;3559
discipledelenergie;3558
discipledelaglace;3560
discipledelaterre;1138
discipledufeu;1125
distorsiondelesprit;2411
doigtsduchaos;1270
domainedelalenteur;3561
domainedudraindenergie;3562
domainedudraindevie;3563
doucedecharge;3564
douleurabominable;3565
eaubenie;1280
eaudulagondhaiju;1287
eaumarecageuse;3568
echappatoiredebon;2420
echoduscaraboule;1922
edification;2372
effondrementdenchantement;1458
effondrementdecathedrale;1103
ehzahdescieux;1447
elixirdeforce;1446
eludabaddon;1457
enchantementdebannissement;1885
energiederepression;1889
enrage;1893
entailledutourment;1880
envouteurdelyssa;3569
espritdecharge;2134
espritdevaste;2124
etendarddhonneurdelabatailledebon;2233
etendarddesagessedelabatailledebon;2232
etendardducouragedelabatailledebon;2231
explosiondamesaffligees;1176
explosiondespore;2496
explosionduscaraboule;1924
explosionfongique;2488
extractiondinscriptions;2409
faiblesse;486
faimdelaliche;539
faisceaudenox;2907
fantomenox;2916
faveurdabaddon;1456
faveurdesdieuxbenediction;3570
ferveurdelabataille;1122
festindejunundu;1438
feudivin;584
feunox;2920
fieldeguivre;2089
filetducorsaire;1433
fioledeaupurifiee;1417
flammedeslamentations;3571
flammesravageuses;874
foliefurieuse;2078
fontainedeguerison;3572
forceduchene;1143
forteressedeglace;1006
fracassauvage;1895
frappedejunundu;1440
frappehabile;2228
gourdindunmillierdours;2361
gravuresreformees;1715
griffeduloup;2380
grondementdelesprit;2125
groupedechassenorn;3573
guerrierdebalthazar;3574
guivredudesert;1437
handicapdemoral;3575
hatesulfureuse;3576
hurlementmystique;2502
hurlementrebelle;2427
indignationparanoide;2330
infirmite;481
inverserpolaritedubouclierdefeu;3577
inverseurdedouleur;2418
invocationdesombres;1886
invocationduchamannaga;2227
invocationdujinnderubis;2225
invocationdulutindeglace;2226
invocationdumursaat;2224
javelotdutireurdelite;2515
lamarquedumaitre;2514
langueureternelle;3578
lethargieeternelle;3581
liensdecristal;534
liensdutourment;3579
limitedelaraison;3580
lumierededeldrimor;2212
maitredelanecromancie;2258
maitreivre;2218
maladie;483
maladiedelinvocation;2886
meditationdumoissonneur;1276
megabouledeneige;1003
miasme;1104
miasmedemoniaque;1892
moinededwayna;3582
mordillement;525
morsuredoreille;2213
morsuredejunundu;1862
morsuresauvage;2081
mutilationbrutale;511
necromantdegrenth;3583
neigedanslepullover;1009
oeufdoreeffet;3584
ordredelaliche;2257
ordredelavigueurimpie;2256
parangondelamotivation;3585
parangonducharisme;3586
parangonducommandement;3587
parangondujavelot;3588
pasdegeant;530
peaudedrake;3589
petitgateaudanniversaireeffet;3590
piegeacide;1105
piegedecristal;2329
piegedefaiblesse;2421
piegedepoudrenoire;2223
pietinement;2088
pilotenox;2919
poingnox;2921
poison;484
polymockarmuredeglace;2280
polymockblocage;2249
polymockbouledefeu;2282
polymockchatiment;2274
polymockdaguesdepierre;2277
polymockdestabilisationduglyphe;2254
polymockdraindepouvoir;2248
polymockeclairfoudroyant;2263
polymockeclatdefeu;2266
polymockexpiationdesmalefices;2275
polymockfiel;2261
polymockflammedobsidienne;2278
polymockfroideurmortelle;2260
polymockgeldeglyphe;2281
polymockgelspirituel;2271
polymockglobedefoudre;2264
polymockglyphedeconcentration;2250
polymockglyphedepouvoir;2252
polymockhatedujinndefoudre;2265
polymockimmolation;2267
polymockinsecuriterecurrente;2285
polymockinvocationderodgort;2283
polymocklancedeglace;2269
polymockmeteore;2268
polymocknaufragespirituel;2255
polymockprisondeglace;2270
polymockputrefaction;2262
polymockrisquecalcule;2284
polymocksceaudufleau;2276
polymocksceauethere;2251
polymockseisme;2279
polymocksurcharge;2253
pommedamoureffet;3591
popcornaucarameleffet;3592
porteurdelumiere;1813
pouvoirchaotique;3593
pouvoirdusceptredorr;3594
probabilitesimprobables;1273
profondeursdelafolieeffetdelenvironnement;3595
protectionchaotique;3596
puissanceduguerrier;1116
purification;487
pvpeffet;2854
quitterjunundu;1443
ragedagnar;531
ragedelamer;3597
regardduporteurdelumiere;1814
repartitiondecoupsnox;2922
replidanslemondedesesprits;2122
requerirlaressource;516
resistancecontrenature;3600
respirationaveuglante;1863
respirationbrulante;1864
respirationetouffante;1861
ripostedombres;1275
ritualistedegrenth;3598
rodeurdemelandru;3601
rueeduscaraboule;1920
rugissementassourdissant;3599
sablesmouvantseffetdelenvironnement;496
saignement;478
saintesbenedictions;3602
saladedepahnaieffet;3603
sangdezuheltzer;1175
scanasura;2415
sceaudinfection;2229
sceaudecapture;3
sceauderenaissancedulancierdusoleil;1816
sceauderesurrection;2
sceauduporteurdelumiere;1815
sceautryptophane;2230
sensdelesprit;2126
siegedeguivre;3604
siegedejunundu;1441
siegekournan;1855
soifdesangduloup;2382
solglace;3605
solglissant;3606
souffledugrandnain;2221
souffranceeternelle;3607
sourcedemaguuma;3608
sporesdepierre;1282
sporesexplosives;1308
stabilitenaine;2423
stupeur;485
superscaraboule;1921
tailladedelapierredesang;2158
tartedelenthousiasme;3609
technobabillage;2413
teleportationdemoniaque;2079
tempetedeneige;2222
tempetedujugementdejadoth;1897
terrainhante;3610
terrescorrompues;3611
tireurdelitedesoutiendelavantgardedebon;2234
toilepiege;2086
tonerrenox;2917
torcheallumeeeffet;2545
totemdelhomme;2389
tourdemursaat;497
tourmentcontinuel;1890
tremblerdepeur;3612
tunneldejunundu;1442
turaiossadeguisement;2652
unepointederuse;2357
uniformedegardekournan;1477
vents;2422
verrouillagenox;2918
vide;0
vigueurdecailleux;3613
voiledelobscurite;1891
voiledelafoi;3614
voldevie;3615
vortexdegivre;1462
vortexterrestre;1461
yohohoetunebouteilledegrog;3616
controledeserviteurs;3551
agenoux;906
froussard;869
onlesaura;1014
sauvezvotrepeauluxon;1954
sauvezvotrepeau;1954
sauvezvotrepeaukurzick;2097
vousetesseul;1412
attaquedaildargent;1144
attaquesymbolique;2195
attaquetourbillon;2107
brisecrane;329
coupdediversion;325
coupsauvage;321
defensefrenetique;1700
frappedediversion;2194
frenesie;346
grappin;2011
pourlajustice;343
rafaleg;344
tempetedepees;1140
attaquelunisolaire;851
bottefatale;385
centlames;381
coupegenou;2010
coupejarret;320
entaille;384
entaillebarbare;1416
entaillepermanente;996
frappecrocdacier;1702
frappedejaizhenju;1135
frappepure;328
lamechercheuse;386
lamevacillantecompetence;892
tailladedegalrath;383
tailladedudragon;907
tailladeincapacitante;1415
tailladesauvage;390
trancheartere;382
clivage;335
coupenthousiaste;2009
couppenetrant;339
couprapide;341
decapitation;1696
demembrement;337
entailleagonisante;1403
entaillecritique;1402
evisceration;338
frappedubourreau;336
hachecyclone;330
hachederage;904
hachetournante;342
hachetournoyante;888
ratissage;334
tailladedinterruption;340
tailladelacerante;849
tailladepenetrante;1136
triplecoup;992
attaquedominatrice;1410
attaqueduchasseurdemages;1697
attaqueferoceg;850
briseechine;358
collisionpulverisante;2008
contrecoup;357
coupdeboutoir;360
coupdebrute;359
coupdemarteau;331
coupderenouvellement;994
coupecrasant;352
coupenrageg;993
coupforce;889
coupimperieux;356
couppropice;905
couppuissant;351
coupventral;350
frappedumokele;1409
frappeduyeti;1137
marteaudevastateur;355
marteaupilon;354
swingbrutal;353
battezenretraite;839
chargez;364
craignezmoi;366
extremelimite;316
levezlesboucliers;367
nulnepassera;891
prenezgarde;348
amoilavictoire;365
attaquedivresse;1133
attaquedesoldat;1695
defensedebonetti;380
defensedugladiateur;372
defenseduprotecteur;810
defensedusoldat;1699
deviationdesfleches;373
frappedesesperee;323
frissondevictoire;324
paradepropice;1142
posedequilibre;371
posedediscipline;376
posedefensive;345
posedubouclier;378
posedusoldat;1698
poseprudente;377
posestable;1701
poussee;1146
riposte;387
ripostemortelle;388
sceaudeguerison;1
vitessedusoldat;2196
cestcequejecomptaisfaire;2067
jesurvivrai;368
jevousvengerai;333
vousmourrez;1141
adresseduguerrier;362
attaqueduprotecteur;326
attaquedutaureau;332
attaquepuissante;322
chargedutaureau;379
chargeenragee;1414
confortdulion;1407
contreattaque;1693
coupdebouclier;363
coupdetete;1406
course;319
defialadouleur;318
desarmement;2066
enduranceduguerrier;374
explosiondagressivite;1413
frappecorporelle;2197
frappedecharge;1405
frappeduchasseurdemages;1694
frappedugriffon;327
frappeduleviathan;1134
fureurguerriere;317
peste;1404
posedecombatdesnains;375
poseduberserker;370
posedutigre;995
prosperite;389
rageduntouka;1408
rageprimitive;831
resistancealadouleur;347
sceaudeconstitution;1411
sceaudedolyak;361
sceaudeforce;944
sprint;349
etreintedelatempete;1474
poseceleste;1207
saccagecollectif;2108
sceauantidote;427
tircible;403
tirdouble;396
tirdufleaudesmages;1726
tirrapide;397
tripletirluxon;1953
tripletir;1953
tripletirkurzick;2096
aiguillons;1197
attaqueeclatante;1191
attaquepenetrante;398
coupcerebral;408
coupcorporel;2198
coupprepare;1465
feurapide;2068
flecheapointelarge;1198
flechebrulante;1466
flechefourchue;1722
flechevive;1720
flecheschercheuses;893
immobilisation;392
lectureduvent;432
precisionperturbatrice;1723
tirarque;1467
tircroise;1469
tirdinterruption;2143
tirdebarrage;395
tirdemelandru;853
tirdeprecision;400
tirderepresailles;409
tirdericochet;852
tirdebilitant;406
tirdetermine;402
tirduchasseur;391
tirduchasseurparesseux;2069
tirdumaraudeur;908
tirfocalise;909
tirhurleur;1719
tirincapacitant;393
tirpuissant;394
tirsauvage;426
ventsfavorables;472
volee;2144
agressionbarbare;2142
assautbestial;437
assautdecharognard;440
assautdemelandru;441
assautdemutilation;438
attaquedinterruption;445
attaqueferocer;442
attaquesauvage;1201
attaquesolidaire;1468
bienetreanimal;436
bond;1206
camaraderie;2141
charmeanimal;411
coupbarbare;439
coupbrutal;444
coupdupredateur;443
coupenrager;1202
courseunique;811
cridotyugh;447
cridehate;415
crideprotection;412
echosprimitifs;469
ferociteunie;1721
fureurdutigre;454
furiebestiale;1209
guerisonpartagee;1195
laceration;961
liendupredateur;1194
liensymbiotique;423
morsureempoisonnee;1205
niddevipere;1211
renaissanceanimale;422
saccageduheket;1728
saisondespredateurs;470
saisonfertile;467
symbiose;468
toxicite;1472
ventenergisant;474
violencebestiale;1203
voiedextinction;464
applicationdepoison;435
attrape;854
brasier;466
chasseurdetempetes;455
defensesdudrider;452
equinoxe;1212
famine;997
fildedetente;1476
flecheempoisonnee;404
flechesbarbelees;1470
flechesdefeu;431
flechesdemelandru;429
flechesenflammees;433
flechesincendiaires;428
focusducharognard;1471
fouleenaturelle;1727
gazsuffocant;434
grandbrasier;465
hiver;462
onguentdestrolls;446
pestilence;870
piegeapointes;461
piegeapoussiere;457
piegebarbele;458
piegedeflammes;459
piegedefumee;1729
piegeperforant;2140
renouveaudelanature;476
resistancedemelandru;451
ronces;947
sablesmouvantscompetence;1473
sceaudejouteempoisonnee;2199
sourcedeguerison;460
terrainboueux;477
terregelee;471
tranquillite;1213
vannage;463
ventsmugissants;1725
vitesseduserpent;456
zephyrveloce;475
chaleurexasperante;1730
concentrationdutrappeur;946
concentrationexperte;2145
dexteritedelexpert;1724
evasion;2628
echappatoire;448
esquive;425
flechesdeverre;1199
hatedezojun;1196
jetdeterre;424
paridutireur;430
posedepratique;449
reflexesfoudroyants;453
sceaudelarcher;1200
tiraboutportant;407
tirdediversion;399
tirdezojun;1192
tirduserment;405
tourbillondefensif;450
vitessedutrappeur;1475
annulationdesmalefices;301
eclatdetoile;1124
espritaltruisteluxon;1952
espritaltruiste;1952
espritaltruistekurzick;2095
grainedevie;2105
liensdelessence;250
lumierededwayna;304
martyre;298
purificationdesconditions;278
resurrection;305
sceaudepuration;295
sceaudesuppression;1690
secours;308
suppressionempathique;1126
vengeance;315
voilesacre;309
auradebalthazar;272
balancierdebalthazar;1395
bannissement;252
bouclierdujugement;262
chatiment;240
chocsacre;312
clairvoyancedujuge;267
coleredekirin;1113
coleredivine;249
coupdamederoc;1131
enchantementfleau;1398
espritdebalthazar;242
expiationdesconditions;2004
expiationdesmalefices;302
feuduzelote;271
forcedelhonneur;243
guerisonnefaste;251
interventiondujuge;1390
lancedelumiere;1130
lumieredujugement;830
paroleducenseur;1129
punition;248
reversdedegats;1400
sacrificenefaste;253
sceaudecoleremystique;1689
sceaudelacalamite;296
sceaudepenitence;2006
sceauderage;1269
sceaudujugement;294
symboledecourroux;247
zeledudefenseur;1688
ameimpeccable;2065
anneaudeguerison;1262
baiserdedwayna;283
bisereposante;886
caressedeguerison;313
cercledeguerisondekarei;1119
chantderesurrection;1128
dondesante;1121
douleurdedwayna;838
engagementduguerisseur;1394
espritdesoutien;1391
espritimpeccable;2064
espritpatient;2061
espritvigoureux;254
grainedeguerison;274
guerisondegroupe;287
guerisondemalefice;2003
guerisondesautres;286
lueur;1686
lumieredeladelivrance;1397
lumiereetheree;959
lumiereredemptrice;867
mainsduguerisseur;285
paroledeguerison;282
parolesdereconfort;1396
prieredeguerison;281
regarddejamei;1120
renouvellementdevie;1263
renovation;290
reviviscence;314
rubandeguerison;2062
sceauderajeunissement;887
souffledeguerison;288
soufflereparateur;958
transfertdesante;292
vaguedeguerison;1118
vieparprocuration;291
zonedeguerison;280
affinitevitale;244
ameinebranlable;2063
amitie;265
atmosphereenchanteresse;1115
auradefoi;260
barrierevitale;270
benedictionvitale;289
benedictionzelee;1687
bouclierdabsorption;1399
bouclierdedetournement;259
bouclierderegeneration;261
bouclierdevie;1123
conversiondesmalefices;303
diversiondesmalefices;1692
egalitedeconditions;311
egide;257
espritprotecteur;245
extinction;943
gardiencompetence;258
gardienpensif;1683
gardienprotecteur;885
guerisondesaffections;277
inversiondemalefice;848
liendeprotection;263
liendevie;241
lienspirituel;1114
mainsduprotecteur;299
marquedeprotection;269
pacifisme;264
renaissance;306
retablissementpartiel;275
retablissementtotal;276
reversdefortune;307
suppressiondecondition;1691
toucherreparateur;1401
voilepurifiant;2007
aurainflexible;268
aurasacree;256
bienfaitdivin;284
boucliercontrelessorts;957
briseurdesorts;273
clairvoyanceduscribe;1684
compagnonduchatiment;2005
compagnonduguerisseur;1393
contemplationdelapurete;300
espritdivin;310
espritvigilant;255
guerisonattentive;1392
guerisondivine;279
hatesacree;1685
interventiondivine;246
liberationdenchantements;960
lumieredivine;941
negationdemalefices;991
paixetharmonie;266
paradisexquis;1117
retraitdemalefices;942
sceaudedevotion;293
sceauducompagnon;847
sceausacre;297
equilibredegrenth;86
necrose;2103
regarddumepris;766
sceaudecorruptionkurzick;2093
sceaudecorruptionluxon;1950
sceaudecorruption;1950
serviteurdesetoiles;1072
animationdhorreurdevastatrice;1351
animationdhorreursquelettique;83
animationdhorreurvampirique;805
animationdedemonsquelette;84
animationdeserviteurssquelettes;85
animationdugolemdechair;832
auradefletrissure;1997
auradelaliche;114
auradeverata;88
auranoirecompetence;116
caressenocive;155
chairputrefiee;113
chairputride;1353
combustioncorporelle;98
contagion;1356
discorde;817
essaimmortel;105
explosionputride;95
festindelame;96
festindesmorts;1354
fiel;935
fielputride;2058
frissonamer;1068
frissontoxique;1659
froideurmortelle;89
goutdelamort;152
humusfetide;841
interventionnefaste;122
miasmeinsalubre;828
novamortelle;104
ordredesmortsvivants;1352
osbroyes;1355
puitsdesouffrance;93
puitsduprofane;94
putrefaction;106
regarddeverata;87
sacrificedeverata;90
sangdumaitre;120
saveurdedouleur;1069
transfertdecondition;139
virulence;107
voyagenecrotique;97
buveurdesangcompetence;1076
caressedagonie;158
caressevampirique;156
chairdemoniaque;130
chocdelombre;102
coupdufleau;1067
espritvampirique;819
ferveurdeladepte;806
festinimpie;110
fureurnoire;147
liendusang;835
liennoir;138
marquedefurie;1360
marquedesubversion;127
morsuredebauge;1078
morsurevampirique;1077
nueevampirique;1075
offrandedesang;146
ordredeladouleur;134
ordreduvampire;148
pactenoir;133
pouvoirdusang;119
puitsdepouvoir;91
puitsdesang;92
regarddeloppresseur;864
regardferoce;862
regardicterique;763
regardvampirique;153
reveildusang;111
ritueldesang;157
sangdelagresseur;902
sangsuedelame;128
sceaubarbele;131
sceaudagonie;145
sceaudesouffrance;1364
siphondevie;109
suppressiondunenchantement;143
transfertdevie;126
transfusionsanguine;115
vainqueurdepouille;1066
abolitiondesenchantements;141
affaiblissement;117
amebarbelee;100
aphonie;883
apprehension;135
armureaffaiblie;159
atrophie;2237
barbeles;101
cacophonie;1998
caressecontagieuse;154
coeurempoisonne;840
confiscationdenchantement;955
defensesprofanees;2188
depravation;820
desacralisationdenchantements;112
douleurdedesenchantement;1359
enchantementcorrompu;1362
enchantementsenvenimes;936
enchantementsprofanes;1070
engelures;144
espritmalveillant;121
extremehate;834
festindecorruption;151
fletrissure;125
frissonsdeterreur;1071
frissonsglaces;124
genouxflageolants;822
liendesames;901
lienparasitaire;99
malaise;140
maledictionlatente;142
marquededouleur;150
ombredeterreur;136
ordredapostasie;863
parasitesournois;123
poumonsulceres;1358
prixdelechec;103
propagationdufleau;149
puitsdobscurite;1366
puitsdelassitude;818
puitsderuine;2236
puitsdusilence;1660
rigormortis;137
sangdufaible;118
sceaudufleau;132
souffrance;108
souillurecharnelle;129
soumission;1260
toucherdefaiblesse;1079
complaintefuneste;764
empreintedufaucheur;808
festinimmonde;2057
masochisme;2139
regarddangorodon;2189
sceaudesamesperdues;1365
sceauduchagrin;1363
veinesglaciales;821
vigueurdulanceurdemalefice;2138
cauchemaretherekurzick;2092
cauchemarethereluxon;1949
cauchemarethere;1949
cridedouleur;2102
echocompetence;74
echodesarcanes;75
epidemie;78
equilibredelyssa;877
expulsiondemalefices;954
hateceleste;1060
hypochondrie;1334
mimetismedesarcanes;65
sceaudedesenchantement;882
sceaudeminuit;58
tempetedestructrice;933
toiledinterruption;1344
affluxdenergie;39
anevrisme;2055
annihilateurdemalefices;67
blackout;29
blocagedepouvoir;5
complication;932
cridefrustration;57
culpabilite;46
defiance;979
delabrementspirituel;49
dispersiondesillusions;27
dissipationdepouvoir;23
dissipationdesenchantements;69
distractionpsychique;1053
diversion;30
douleurspirituelle;1336
embarrasdelincapable;50
empathie;26
enigmedelenchanteur;1345
findugaspilleur;1335
flammedenergie;42
fluxdepuissance;953
fuitedepouvoir;24
honte;51
ignorance;35
larcinarcane;1062
leveurdemalefice;10
miroirdedesenchantement;1349
panique;52
prixdelorgueil;1655
retourdeflamme;28
sceaucontrenature;934
sceaudinterruption;860
sceaudedistraction;1992
sceaudelassitude;59
simplevol;1350
surcharge;898
tempetechaotique;77
verrouillagedepouvoir;1994
visionsderegret;878
voldesarcanes;81
vortexdumangeurdemalefices;1348
airdedesenchantement;1656
angoisseparalysante;54
armesillusoires;33
conjurationdecauchemar;859
conjurationdefantasme;31
cumuldedouleur;1052
distorsion;11
douleurfantome;44
enigmedesarcanes;36
fardeaudekitah;1056
fardeauethere;45
fardeauimaginaire;76
fardeaupartage;900
fragilite;19
frustration;1341
illusiondedouleur;879
illusiondefaiblesse;32
illusiondehate;37
imagesapaisantes;56
imagesdattrition;899
imagesderoutantes;2137
incompetence;47
insecuriterecurrente;1055
lasommedetouteslespeurs;1996
maladresse;43
migraine;53
oeilerrant;2056
retractiondarmure;2054
revesenfievres;55
risquecalcule;2053
sceaudemaladresse;1657
sceaudesillusions;1346
visageavenant;34
visagedelancetre;1054
auradelyssa;813
buveurdenergie;803
canalisation;38
chainesspirituelles;66
conditionsprolongees;1333
congediementdenchantement;1347
draindenchantement;68
draindenergie;79
draindillusions;1337
draindepouvoir;25
enchantementinspire;21
enchantementrevele;1048
espritdelechec;48
fantomeethere;1343
festinethere;40
incantationpropice;930
maleficeinspire;22
maleficerevele;1049
mantradeconcentration;16
mantradeflamme;7
mantradefoudre;9
mantradegivre;8
mantradelaterre;6
mantradeperseverance;14
mantraderappel;82
mantraderesolution;17
mantradesinscriptions;15
mantradessceaux;18
pasdepetiteseconomies;1995
resistanceauxelements;72
resistancephysique;73
retroaction;1061
sceaudhumilite;62
sceauderappel;1993
sceaudumangeurdemalefices;1059
sceauethere;881
sceausangsue;61
seigneurethere;41
siphondenergie;80
taquinerie;1342
alanguissementarcane;804
celeritesymbolique;1340
instabilitepsychique;1057
mantraderecuperation;13
persistancedusouvenir;1338
posturesymbolique;1658
retourdepouvoir;931
sceaudevoute;63
symbolesdinspiration;1339
voldevitesse;880
glyphedessence;1096
glyphedeconcentration;201
glyphedepouvoirelementaire;198
glyphedesacrifice;202
glyphedurenouveau;203
intensite;2104
secondechance;1088
seigneurelementaireluxon;1951
seigneurelementaire;1951
seigneurelementairekurzick;2094
tempeteceleste;1100
affiniteaerienne;225
affluxaveuglant;1367
arcfoudroyant;842
bourrasque;162
caressefoudroyante;232
chainedeclairs;223
chevaucheedeleclair;836
chocspirituel;226
conjurationdelafoudre;221
coupdetonnerre;228
dechargeelectrique;231
dechargefoudroyante;205
dechargeincapacitante;224
eblouissement;220
eclair;1369
eclairfoudroyant;222
flechedechoc;1082
globedefoudre;229
glyphederapidite;2002
hatedujinndetempete;1370
invocationdelafoudre;1664
javelotdefoudre;230
marqueeblouissante;227
massefoudroyante;865
rafaleel;843
tornade;163
traumatisme;2059
ventdeteinai;1081
ventsglaciaux;1368
vitesseduvent;160
affiniteaquatique;208
armuredebrume;238
armuredegivre;206
armureglaciale;1261
auratourbillon;233
briseroc;809
buee;846
chainesdeglace;939
congelation;234
conjurationdufroid;207
etreintedelhiver;1999
explosionglaciale;212
formedebrume;236
gelspirituel;209
glacescintillante;2192
lamevaporeuse;866
lancedeglace;214
maelstrom;215
miroirdeglace;1098
prismedeglace;903
prisondeglace;210
prisondeteinai;1097
protectioncontrelemal;239
rafalegivrante;1382
rouille;204
tempetedeglace;213
terrainglissant;2191
tessonsdeglace;211
tridentmarin;237
visiontroublee;235
affiniteterrestre;169
affluxmagnetique;2190
armurecinetique;166
armuredeclats;1084
armuredelaterre;165
auradechairdepierre;1375
auramagnetique;168
bouleversementterrestre;844
briseurdepierre;1371
brumedefer;216
chainesdeterre;2000
chairdobsidienne;218
cristauxdeteinai;1099
daguesdepierre;172
eruption;167
etreintedelaterre;173
explosiondecendres;1085
faucondebene;1374
flammedobsidienne;219
gainedepierre;1373
lapidation;171
ondedechoc;937
pasdudragon;1086
pierrefluorescente;1661
protectioncontrelennemi;177
protectioncontreleselements;175
protectiondecontact;176
protectiondefaiblesse;2001
protectiondestabilite;938
repliquesismique;174
seisme;170
solinstable;1083
tempetedesable;1372
vaguedecristal;217
affiniteignee;184
ambresardents;1090
bouledefeu;186
chaleurdefournaise;196
chaleurdesavane;1380
chaleurdeteinai;1093
conjurationdeflamme;182
doubledragon;1091
eclatconstelle;1095
eclatdefeu;194
enfer;183
explosiondelame;1662
flammeelementaire;1663
flammeliquide;845
flammespirituelle;185
flammesvirulentes;884
flechesdelave;824
fontainedelave;195
glyphedimmolation;2060
hatedujinndeflamme;1381
immolation;191
invocationderodgort;189
jetdeflammes;188
liensincendiaires;179
litdebraise;825
marquederodgort;190
meteore;187
phenix;193
pluiedemeteores;192
regardembrase;1379
souffledefeu;1094
tempetedefeu;197
velociteincandescente;823
affiniteelementaire;164
auraderetablissement;180
compagnondenergie;837
explosiondenergie;2193
glyphedenergie;199
glyphedenergiemineure;200
glyphederetablissement;1376
maitredelamagie;1378
prismeethere;1377
prodigeethere;178
renouveauethere;181
agilitecritique;2101
attaquedeletoile;1039
auradedeplacement;771
echange;1653
effondrementdugaspilleur;1644
marchedelombre;1650
marchedesesprits;1040
marquedinstabilite;978
meleedelombre;1654
rappel;925
ruee;1043
sanctuairedelombrekurzick;2091
sanctuairedelombreluxon;1948
sanctuairedelombre;1948
sceaudelaube;1648
sceaudemalice;1036
chargemortelle;952
chaussetrappes;985
chaussetrappescachees;1642
coeurdombre;1032
defensedelavipere;769
defensepoudrefumigene;2136
echappatoireobscur;1037
fardeaunebuleux;950
furieinvisible;1041
imitationdepose;816
linceuldedetresse;1031
linceuldelombre;928
methodedugesteparfait;1028
methodedulotus;977
methodedurenard;949
miragebrumeux;799
neutralitesimulee;1641
ombredehate;929
poudreaveuglante;973
refugeombreux;814
retour;770
retraitedelamort;1651
silhouette;826
assautvampirique;1986
attachedescorpion;815
censuredenchantements;990
crocsdelombre;2052
daguedinfirmite;1038
daguedinterruption;571
empalement;1033
enchantementsleves;1645
enlacementreptilien;784
linceuldusilence;801
marquedinsecurite;570
methodedelapaumevide;987
paradoxemortel;572
paumedacier;786
peurhonteuse;927
presagemortel;1646
prisondombre;1652
prisonobscure;1044
promessedelassassin;1035
sceaudechoctoxique;1647
sceaudecorruptionmortelle;2186
sceaudesombres;876
sceausadique;1991
siphondeforce;827
siphondevitesse;951
stigmatemortel;785
toucherdelamante;974
toxineimmuable;800
vainesdefenses;802
valsedesdagues;858
affrontsauvage;1022
assautepuisant;975
attaquedelaraigneenoire;1636
attaquedelamantenoire;1024
attaqueducranedore;1635
attaquesdescrocsdores;1988
blessuredinterruption;1025
cornesduboeuf;777
coupdechiqueteur;782
coupdesneufqueues;986
coupdesespere;948
coupdulotus;1987
coupdulotusdore;1026
coupdulotustombant;1990
coupduphenixdore;989
coupdurenarddore;1637
couprepete;976
crocsdurenard;780
efflorescencemortelle;775
frappealatempe;988
frappedelajungle;1021
frappedemoebius;781
lamesdacier;1020
lameseclatantes;1042
pietinementduboeuf;2135
piquredemantesauteuse;1023
promessedurenard;1640
retombeearachnide;778
apostasieobscure;1029
assautdenchantements;1643
assautdevastateur;1634
attaquecritique;1019
attaquesournoise;783
coupdepaume;1045
coupdulotusnoir;779
coupmalicieux;1633
crocsincisifs;776
daguesaffutees;926
defensescritiques;1027
fureurdelocuste;1030
hatemortelle;1638
methodedelassassin;1649
methodeduguerrier;2187
oeilcritique;1018
plaiesuintante;1034
remededelassassin;1639
attractiondesprit;1224
invocationdesespritskurzick;2100
invocationdesespritsluxon;2051
invocationdesesprits;2051
vampirisme;2110
angoisse;1745
apaisement;1266
armebrute;1258
armedefractionnement;2148
armederapidite;1268
armeemoussee;1235
armeguidee;1259
armespectrale;2206
armevitale;1267
armuredelimpassible;1232
chainesdasservissement;1236
deplacement;1249
desenchantement;923
dissonance;921
douleur;1247
lienterrestre;1252
lingwahetaitangoissee;1223
melodiedesombres;871
refuge;982
restauration;963
sceaudepuissancespectrale;1742
union;911
vorizonetaitpuissant;773
voyage;1255
affluxderenouvellement;1478
agonie;2205
armeafragmentation;792
armedaggression;2073
armedefurie;1749
armedesdoleances;794
armedubelliciste;1751
armedutourment;795
attaqueduporteur;1733
bruluredelesprit;919
chargedugardien;1744
clameurdesames;1215
coupducompagnonspirituel;1226
daoshenetaitcruel;1218
destruction;920
failledelesprit;910
frappecanalisee;1225
frappedessence;1227
glaiveetaitdestructeur;1732
kuurongetaitavide;789
lamentation;916
limingetaitpure;2072
liendedouleur;1237
melodiedusang;1253
offrandedelesprit;1479
ragedelancetre;1246
rajeunissement;2204
regarddefureur;1734
sceaudesesprits;1239
siphondelesprit;1228
visiondelaudela;1245
armedespritillumine;1257
armedelombre;983
armedeprotection;793
armederemede;1752
armedevengeance;964
armedexinrae;1750
armeresistante;787
auradesangsuedelesprit;2203
chairdemachair;791
compagnondarme;1265
espritillumine;915
etreintereparatrice;2202
guerisonducorpsetdelame;1234
kaolaietaitprotecteur;1219
khanheietaitrevanchard;790
lumieredumiroirfantome;1741
mingsonetaitaveugle;788
nameietaitsigaie;1222
preservation;1250
recuperation;1748
retablissement;981
sceaudupacteaveclamort;1481
sogolonetaitenergique;1731
souvenirsapaisants;1233
tanasenetaittranquille;913
transfertdesprit;962
tsungraietaitgenereux;772
vie;1251
xikoetaitcoriace;1221
xinraeetaitrebelle;812
armedurenouveau;2149
canalisationdesprit;1231
compagnondecreation;1230
consommationdesames;914
contorsiondelame;1240
destinee;1264
dondelesprit;1480
espritdechair;918
essencerecuperee;1482
expansionexplosive;1229
festindelesprit;980
forcedelesprit;1736
leesaetaitenergique;2016
remededuporteur;1740
responsabilisation;1747
rupturedame;917
sceaudasservissement;1743
sceaudecreation;1238
seigneurderituel;1217
songkaietaitattentif;1220
souvenirsrenouveles;1739
visioninterieure;1738
vivacitespectrale;1244
zeleduporteur;1737
ilnyarienacraindre;2112
javelotdefurieluxon;1957
javelotdefurie;1957
javelotdefuriekurzick;2099
sceaucautere;1588
sceaudagression;1776
sceauduremede;1777
alaide;1594
attention;1596
faitesvite;1591
nabandonnezjamais;1593
nevousrendezjamais;1598
nousreviendrons;1592
pastouche;1780
preparezvous;1572
repliezvous;1595
tenezbon;1589
trouvezleurfaiblesse;1781
visezlesyeux;1558
bonvoyage;1556
chansondeconcentration;1567
hymnedinfirmite;1554
hymnedinterruption;2018
hymnededirection;1568
hymnedejalousie;1559
hymnedelassitude;2017
refraindubladeturn;1580
attaquevicieuse;1601
cognepoitrine;2074
frappestupefiante;1602
javelineleste;1784
javelotardent;1546
javelotcruel;1548
javelotdeclair;1551
javelotdelassassin;1783
javelotderedemption;2238
javelotimpitoyable;1603
javelotlassant;1552
javelotmutilant;2150
javelotperforant;1600
javelotsacre;2209
lancerdharrier;1549
lancerdinterruption;1604
lancerimpitoyable;1550
lancerpuissant;1547
lancersauvage;1605
cestjusteunepetiteblessure;1599
laforceestavecvous;1782
ariaderetablissement;1566
ariadezele;1562
balladederetablissement;1564
chansondepurification;1570
chantdelapuissance;1560
chantderetablissement;1771
choeurderetablissement;1565
choeurenergisant;1569
discoursstimulant;2207
finalederetablissement;1577
finaleenergisant;1775
finalepurifiant;1579
hymnezele;1561
poemedepurification;1772
poemedezele;1563
refraindereparation;1578
sceaudesynergie;1585
zeledumeneur;1583
ilssontenflammes;1597
ouvrezlechemin;1590
profitezdevotretemps;1779
ariadeleveurdemalefice;1571
bouclierincandescent;2208
colereconcentree;1769
confortdumeneur;1584
crainte;1573
finaleenflamme;1575
frappedujavelot;2210
fureurdusoldat;1773
harmoniepersistante;1574
hymnedeflamme;1557
hymnedefurie;1553
hymnedefensif;1555
lienangelique;1587
protectionangelique;1586
refrainagressif;1774
refrainbrulant;1576
refrainrapide;2075
sceauderetour;1778
sceaurayonnant;1581
temperamentnaturel;1770
auradelapuissancesacreeluxon;1955
auradelapuissancesacree;1955
auradelapuissancesacreekurzick;2098
auraeternelle;2109
hateenchantee;1541
assautdelyssa;1538
assautpieux;1490
attaqueblessante;1536
attaqueeremitique;1485
couplassant;1537
fauchagedesdeuxlunes;1487
fauchageimperieux;1489
fauchageinvalidant;1535
fauchagevictorieux;1488
fauxdufermier;2015
fauxrayonnante;2012
frappedechirante;1753
frappedumoissonneur;1767
frappezelee;2071
moissondesimpuretes;1486
victoirefrissonnante;1539
victoireparalysante;2147
armuredesaintete;1515
auradepines;1495
auradepoussieredebene;1760
bouclierdeforce;2201
brevestabilite;1514
compagnonvital;1506
concentrationpieuse;1542
conviction;1540
eclatsdesable;1510
forcestupefiante;1498
manteaudemirage;1497
manteaudepoussiere;1500
regenerationmystique;1516
sceaudelumierepieuse;1530
tempetedesablemystique;1532
voeudeforce;1759
voiledepines;1757
attaque;1754
auradegrenth;2013
auradechirante;1765
chargetourbillonnante;1544
clairvoyancedelattaquant;1764
doigtsdegrenth;1493
empoignedharrier;1758
empoignedegrenth;1756
gracedepieddeplume;1766
guerisonmystique;1527
guerisonnaturelle;1525
hatedharrier;1768
hatedelyssa;1512
mainsdirectrices;1513
retablissementpieux;1529
sceaudecontraintepieuse;2014
sceaudevitessemystique;2200
testdefoi;1545
tornademystique;1491
toucherdedwayna;1528
ventsdedesenchantement;1533
voeudepiete;1505
voeuzele;1761
auraintimidante;1531
avatardebalthazar;1518
avatardedwayna;1519
avatardegrenth;1520
avatardelyssa;1521
avatardemelandru;1522
coeurdefurie;1762
coeurdelaflammesacree;1507
corruptionmystique;1755
coupdebannissement;1483
fauchagemystique;1484
fureurpieuse;2146
hatepieuse;1543
interventionfidele;1509
interventionvigilante;1504
meditation;1523
prolongationdesenchantements;1508
ragedebalthazar;1496
renouveaupieux;1499
renouveauzele;1763
santeimpregnee;1526
toucherdechirant;1534
trancheurdaura;2070
vigueurmystique;1503
voeudusilence;1517
zelearcane;1502
zeleeremitique;1524
